item,qty,spec,supplier,unit_cost_usd,make_buy,notes
1 Outer shell,1,"3D-printed PETG or ASA tub, 4 mm walls, 263 x 198 x 164 mm, two 10 mm pipe pass-throughs at +X",Self (PETG or ASA filament from a filament supplier),18.00,make,"Material cost only; about 0.74 kg printed (CPD-CAL-001, K1); estimate"
2 Lid with gasket and latches,1,"Printed cap 263 x 198 x 8 mm, EPDM gasket, two draw latches, lid switch; lid VIP plug in item 4, lid PCM pack in item 5",Self; gasket and latches from a hardware distributor,8.00,make,Material and small parts; estimate
3 Bail handle and shoulder strap,1,"Folding bail handle rated 10 kg or more, padded 38 mm strap",Hardware or outdoor store,10.00,buy,Catalog-class price; estimate
4 Vacuum-insulated panel set,1,"Six panels 25 mm, fumed silica core, metallized film, made to size: five body panels (+X wall in two parts around a 20 mm foam strip) and a 205 x 140 mm lid plug",VIP manufacturer (custom small order),60.00,buy,Largest cost uncertainty; small custom orders may cost more; foam variant documented as a low-cost option (CPD-DDR-001 D7)
5 PCM packs,1,"About 0.97 kg organic PCM melting at 5 °C (Rubitherm RT 5 HC class) in sealed HDPE pouches: jacket in the evaporator can (0.69 kg) and lid pack (0.28 kg)",PCM supplier (Rubitherm distributor or equivalent),25.00,buy,Estimate
6 Aluminium liner and payload rack,1,"1.5 mm aluminium can 175 x 110 x 80 mm outside; printed PETG rack holding 24 pens in 4 layers of 6",Local sheet metal shop; rack self-printed,12.00,make,Estimate
7 Evaporator can and loop thermosiphon,1,"1.0 mm aluminium can around the PCM jacket (four sides and floor, 205 x 140 x 95 mm); 8 mm copper evaporator loop at the base with vapour riser and liquid return; stainless wall sections; charge valve and working fluid; aluminium cold block 60 x 44 x 10 mm",Sheet metal shop for the can; refrigeration or HVAC supplier for tube and charging,28.00,make,Sized in CPD-CAL-001 (sections G and H); charging needs refrigeration tools; estimate
8 Peltier module,1,"40 x 40 mm, 127 couples, Imax about 3 A (TEC1-12703 class)",Electronics distributor,5.00,buy,Chosen over the 12706 in CPD-CAL-001 section E; estimate
9 Hot-side heat sink and fan,1,"Finned aluminium sink about 80 x 80 x 30 mm, 70 mm 12 V fan, finger guard; 0.50 K/W or better sink to air with the fan",Electronics distributor,12.00,buy,Estimate
10 End housings,1,"Printed cooling head (+X, 60 mm) and battery and electronics bay (-X, 45 mm), vented, drain for condensate",Self (PETG or ASA filament),8.00,make,Material cost only; estimate
11 LiFePO4 pack,1,"4S1P 32700 cells, 12.8 V 6 Ah (76.8 Wh), 4S BMS with charge temperature cut-off, fuse, holder",Battery distributor,35.00,buy,Estimate
12 Power board,1,"USB-C PD sink (20 V, 45 W or more), 12 V input with reverse-polarity protection, LiFePO4 charger, buck Peltier driver with LC filter (smooth DC), fan driver, cold-block cut-out thermostat; modules on perfboard",Electronics distributor,22.00,buy,Off-the-shelf modules; no custom PCB; estimate
13 Logger controller,1,"nRF52840 module with real-time clock and 2 MB flash",Electronics distributor,15.00,buy,Estimate
14 Temperature sensors,1,"Glycol-buffered payload probe, liner probe, cold-block probe, ambient sensor; accuracy ±0.5 °C or better",Electronics distributor,10.00,buy,Estimate
15 E-paper display and alarm,1,"2.13 in e-paper, buzzer, red and green LED",Electronics distributor,15.00,buy,Estimate
16 Wiring and hardware,1,"Wire, connectors, fuses, fasteners, sealant, labels",Hardware store,12.00,buy,Not modelled; estimate
